1,OF
3,OF
4,OF
5,OF
7,OF
8,OF
9,OF
10,OF
11,OF
13,OF
14,OF
15,OF
16,OF
17,OF
20,OF
21,OF
22,OF
23,OF
24,OF
25,OF
26,OF
27,OF
28,OF
29,OF
30,OF
31,OF
32,OF
33,OF
37,OF
38,OF
39,OF
41,OF
42,OF
43,OF
44,OF
45,OF
46,OF
47,OF
48,OF
49,OF
50,OF
51,OF
52,OF
53,OF
54,OF
55,OF
56,OF
57,OF
58,OF
59,OF
60,OF
61,OF
62,OF
63,OF
64,OF
65,OF
66,OF
67,OF
68,OF
69,OF
70,OF
71,OF
72,OF
73,OF
74,OF
75,OF
76,OF
77,OF
78,OF
79,OF
80,OF
81,OF
82,OF
83,OF
84,OF
85,OF
86,OF
87,OF
88,OF
89,OF
90,OF
103,OF
104,OF
105,OF
106,OF
107,OF
109,OF
110,OF
111,OF
112,OF
113,OF
115,OF
116,OF
117,OF
118,OF
119,OF
120,OF
121,OF
122,OF
123,OF
124,OF
125,OF
126,OF
127,OF
128,OF
129,OF
130,OF
131,OF
136,OF
137,OF
138,OF
139,OF
141,OF
142,OF
143,OF
147,OF
148,OF
149,OF
150,OF
151,OF
152,OF
153,OF
165,OF
166,OF
167,OF
169,OF
170,OF
171,OF
172,OF
173,OF
174,OF
175,OF
176,OF
177,OF
178,OF
179,OF
180,OF
181,OF
182,OF
183,OF
184,OF
185,OF
186,OF
187,OF
188,OF
189,OF
190,OF
191,OF
192,OF
193,OF
194,OF
195,OF
196,OF
197,OF
198,MMF
199,OF
200,OF
201,OF
202,OF
203,OF
204,OF
205,OF
206,OF
207,OF
208,OF
209,OF
210,OF
211,OF
212,OF
213,OF
214,OF
215,OF
216,OF
217,OF
218,OF
219,OF
220,OF
221,OF
222,OF
225,OF
226,OF
227,OF
235,OF
236,OF
237,OF
238,OF
239,OF
240,OF
241,OF
242,OF
244,OF
245,OF
246,OF
247,OF
248,OF
251,OF
252,OF
253,OF
254,OF
255,OF
256,OF
257,OF
258,OF
259,OF
260,OF
263,OF
264,OF
265,OF
266,OF
267,OF
268,OF
270,OF
271,OF
272,OF
273,OF
274,OF
275,OF
277,OF
278,OF
279,OF
280,OF
281,OF
286,OF
287,OF
288,OF
289,OF
290,OF
294,OF
295,OF
296,OF
297,OF
298,OF
299,OF
300,OF
301,OF
302,OF
303,OF
304,OF
305,OF
306,OF
307,OF
308,OF
309,OF
310,OF
311,OF
312,OF
313,OF
314,OF
319,OF
320,OF
322,OF
323,OF
324,OF
325,OF
326,OF
327,OF
328,OF
329,OF
330,OF
331,OF
332,OF
333,OF
334,OF
335,OF
336,OF
338,OF
339,OF
343,OF
345,OF
346,OF
347,OF
351,OF
352,OF
354,OF
355,OF
356,OF
359,OF
360,OF
361,OF
362,OF
363,OF
366,OF
367,OF
368,OF
369,OF
370,OF
371,OF
372,OF
373,OF
376,OF
377,OF
378,OF
379,OF
380,OF
381,OF
385,OF
386,OF
389,OF
390,OF
394,OF
395,OF
396,OF
397,OF
398,OF
400,OF
401,OF
402,OF
403,OF
404,OF
405,OF
406,OF
407,OF
408,OF
409,OF
410,OF
411,OF
412,OF
413,OF
414,OF
415,OF
416,OF
417,OF
418,OF
419,OF
420,OF
421,OF
422,OF
423,OF
424,OF
425,OF
426,OF
427,OF
431,OF
432,OF
433,OF
434,OF
435,OF
436,OF
437,OF
438,OF
439,OF
440,OF
452,OF
457,OF
458,OF
462,OF
463,OF
464,OF
465,OF
466,OF
467,OF
469,OF
471,OF
473,OF
474,OF
475,OF
476,OF
477,OF
478,OF
479,OF
480,OF
481,OF
483,OF
484,OF
485,OF
486,OF
487,OF
488,OF
489,OF
490,OF
493,OF
494,OF
495,OF
496,OF
503,OF
504,OF
505,OF
506,OF
507,OF
508,OF
509,OF
510,OF
511,OF
512,OF
513,OF
520,OF
522,OF
523,OF
524,OF
526,OF
527,OF
528,OF
529,OF
530,OF
531,OF
532,OF
533,OF
534,OF
535,OF
536,OF
538,OF
539,OF
540,OF
541,OF
542,OF
543,OF
545,OF
546,OF
547,OF
549,OF
550,OF
551,OF
552,OF
553,OF
554,OF
556,OF
557,OF
559,OF
560,OF
561,OF
562,OF
563,OF
564,OF
566,OF
567,OF
569,OF
571,OF
572,OF
573,OF
574,OF
575,OF
576,OF
577,OF
578,OF
579,OF
580,OF
581,OF
583,OF
584,OF
585,OF
586,OF
587,OF
588,OF
589,OF
590,OF
591,OF
592,OF
593,OF
594,OF
595,OF
596,OF
597,OF
598,OF
599,OF
600,OF
601,OF
602,OF
603,OF
604,OF
605,OF
607,OF
609,OF
610,OF
612,OF
613,OF
614,OF
615,OF
616,OF
617,OF
618,OF
619,OF
620,OF
621,OF
625,OF
626,OF
627,OF
628,OF
629,OF
630,OF
634,OF
638,OF
639,OF
640,OF
641,OF
642,OF
644,OF
645,OF
646,OF
647,OF
648,OF
649,OF
650,OF
651,OF
652,OF
654,OF
655,OF
656,OF
657,OF
658,OF
659,OF
660,OF
661,OF
662,OF
663,OF
664,OF
665,OF
667,OF
668,OF
669,OF
672,OF
677,OF
678,OF
679,OF
681,OF
682,OF
683,OF
684,OF
685,OF
686,OF
687,OF
688,OF
689,OF
690,OF
692,OF
693,OF
694,OF
695,OF
696,OF
697,OF
698,OF
699,OF
700,OF
701,OF
704,OF
705,OF
706,OF
707,OF
708,OF
709,OF
710,OF
711,OF
712,OF
713,OF
714,OF
715,OF
716,OF
717,OF
719,OF
720,OF
721,OF
722,OF
723,OF
724,OF
725,OF
726,OF
727,OF
728,OF
729,OF
730,OF
734,OF
735,OF
736,OF
737,OF
738,OF
739,OF
740,OF
741,OF
742,OF
743,OF
744,OF
745,OF
746,OF
747,OF
748,OF
749,OF
750,OF
751,OF
752,OF
753,OF
754,OF
755,OF
756,OF
757,OF
758,OF
759,OF
760,OF
761,OF
763,OF
764,OF
765,OF
766,OF
767,OF
768,OF
769,OF
770,OF
771,OF
772,OF
773,OF
778,OF
779,OF
780,OF
781,OF
782,OF
783,OF
784,OF
785,OF
786,OF
787,OF
788,OF
789,OF
790,OF
791,OF
793,OF
794,OF
796,OF
797,OF
800,OF
801,OF
802,OF
803,OF
804,OF
805,OF
808,OF
809,OF
810,OF
812,OF
813,OF
814,OF
815,OF
816,OF
817,OF
818,OF
822,OF
823,OF
824,OF
825,OF
826,OF
827,OF
828,OF
831,OF
832,OF
834,OF
835,OF
836,OF
837,OF
839,OF
840,OF
841,OF
843,OF
844,OF
845,OF
846,OF
847,OF
848,OF
849,OF
850,OF
854,OF
855,OF
856,OF
857,OF
859,OF
860,OF
861,OF
862,OF
863,OF
865,OF
866,OF
867,OF
868,OF
869,OF
870,OF
871,OF
872,OF
875,OF
876,OF
877,OF
878,OF
879,OF
880,OF
882,OF
883,OF
884,OF
885,OF
886,OF
887,OF
889,OF
890,OF
891,OF
892,OF
893,OF
894,OF
895,OF
896,OF
897,OF
898,OF
899,OF
900,OF
901,OF
902,OF
903,OF
904,OF
905,OF
906,OF
907,OF
908,OF
912,OF
913,OF
914,OF
915,OF
916,OF
917,OF
918,OF
919,OF
920,OF
921,OF
922,OF
923,OF
924,OF
925,OF
926,OF
927,OF
928,OF
929,OF
930,OF
931,OF
932,OF
933,OF
934,OF
935,OF
936,OF
937,OF
938,OF
939,OF
940,OF
942,OF
943,OF
944,OF
945,OF
946,OF
947,OF
948,OF
950,OF
953,OF
954,OF
955,OF
958,OF
959,OF
960,OF
961,OF
962,OF
963,OF
965,OF
966,OF
967,OF
968,OF
969,OF
970,OF
971,OF
972,OF
973,OF
974,OF
975,OF
976,OF
977,OF
978,OF
979,OF
980,OF
981,OF
982,OF
984,OF
985,OF
986,OF
987,OF
988,OF
989,OF
990,OF
991,OF
992,OF
993,OF
994,OF
995,OF
996,OF
997,OF
998,OF
1000,OF
1001,OF
1003,OF
1004,OF
1005,OF
1006,OF
1007,OF
1008,OF
1009,OF
1010,OF
1011,OF
1013,OF
1014,OF
1015,OF
1016,OF
1017,OF
1018,OF
1019,OF
1020,OF
1021,OF
1023,OF
1026,OF
1027,OF
1028,OF
1029,OF
1030,OF
1031,OF
1033,OF
1034,OF
1035,OF
1036,OF
1037,OF
1038,OF
1039,OF
1040,OF
1041,OF
1042,OF
1043,OF
1044,OF
1045,OF
1046,OF
1047,OF
1048,OF
1050,OF
1051,OF
1052,OF
1053,OF
1054,OF
1055,OF
1056,OF
1057,OF
1058,OF
1059,OF
1060,OF
1061,OF
1063,OF
1064,OF
1065,OF
1066,OF
1067,OF
1068,OF
1069,OF
1070,OF
1071,OF
1072,OF
1073,OF
1074,OF
1075,OF
1076,OF
1077,OF
1078,OF
1086,OF
1087,OF
1088,OF
1092,OF
1093,OF
1094,OF
1095,OF
1096,OF
1097,OF
1101,OF
1102,OF
1103,OF
1104,OF
1105,OF
1106,OF
1110,OF
1111,OF
1112,OF
1113,OF
1115,OF
1116,OF
1117,OF
1118,OF
1119,OF
1120,OF
1121,OF
1122,OF
1123,OF
1124,OF
1125,OF
1126,OF
1127,OF
1128,OF
1133,OF
1134,OF
1135,OF
1136,OF
1137,OF
1138,OF
1139,OF
1140,OF
1141,OF
1142,OF
1143,OF
1144,OF
1146,OF
1147,OF
1148,OF
1149,OF
1150,OF
1152,OF
1154,OF
1155,OF
1156,OF
1157,OF
1158,OF
1159,OF
1160,OF
1161,OF
1162,OF
1163,OF
1164,OF
1165,OF
1166,OF
1167,OF
1168,OF
1169,OF
1170,OF
1171,OF
1172,OF
1173,OF
1174,OF
1175,OF
1176,OF
1177,OF
1178,OF
1179,OF
1180,OF
1181,OF
1182,OF
1183,OF
1184,OF
1185,OF
1186,OF
1188,OF
1189,OF
1190,OF
1191,OF
1192,OF
1193,OF
1194,OF
1195,OF
1196,OF
1197,OF
1198,OF
1199,OF
1200,OF
1201,OF
1202,OF
1203,OF
1204,OF
1205,OF
1206,OF
1207,OF
1208,OF
1209,OF
1210,OF
1211,OF
1212,OF
1213,OF
1214,OF
1215,OF
1216,OF
1217,OF
1218,OF
1219,OF
1220,OF
1221,OF
1222,OF
1223,OF
1224,OF
1225,OF
1226,OF
1227,OF
1228,OF
1229,OF
1230,OF
1231,OF
1232,OF
1233,OF
1234,OF
1235,OF
1236,OF
1237,OF
1238,OF
1239,OF
1240,OF
1241,OF
1242,OF
1243,OF
1244,OF
1245,OF
1246,OF
1247,OF
1249,OF
1250,OF
1251,OF
1252,OF
1253,OF
1254,OF
1255,OF
1256,OF
1257,OF
1258,OF
1259,OF
1260,OF
1261,OF
1262,OF
1263,OF
1264,OF
1265,OF
1266,OF
1267,OF
1268,OF
1270,OF
1271,OF
1272,OF
1273,OF
1274,OF
1275,OF
1276,OF
1277,OF
1279,OF
1280,OF
1281,OF
1282,OF
1285,OF
1286,OF
1287,OF
1289,OF
1290,OF
1291,OF
1292,OF
1293,OF
1294,OF
1295,OF
1297,OF
1298,OF
1299,OF
1300,OF
1301,OF
1302,OF
1303,OF
1304,OF
1305,OF
1308,OF
1309,OF
1311,OF
1312,OF
1313,OF
1314,OF
1315,OF
1316,OF
1317,OF
1318,OF
1319,OF
1320,OF
1321,OF
1322,OF
1323,OF
1324,OF
1325,OF
1326,OF
1327,OF
1328,OF
1329,OF
1330,OF
1331,OF
1332,OF
1333,OF
1334,OF
1335,OF
1336,OF
1337,OF
1338,OF
1339,OF
1340,OF
1341,OF
1342,OF
1343,OF
1345,OF
1347,OF
1348,OF
1349,OF
1351,OF
1352,OF
1355,OF
1356,OF
1357,OF
1358,OF
1359,OF
1362,OF
1363,OF
1365,OF
1366,OF
1367,OF
1368,OF
1370,OF
1371,OF
1373,OF
1374,OF
1375,OF
1376,OF
1379,OF
1380,OF
1381,OF
1384,OF
1385,OF
1386,OF
1387,OF
1388,OF
1389,OF
1390,OF
1391,OF
1392,OF
1393,OF
1395,OF
1396,OF
1397,OF
1398,OF
1399,OF
1400,OF
1401,OF
1402,OF
1403,OF
1404,OF
1405,OF
1406,OF
1407,OF
1408,OF
1409,OF
1410,OF
1411,OF
1412,OF
1413,OF
1414,OF
1415,OF
1416,OF
1417,OF
1418,OF
1419,OF
1420,OF
1421,OF
1422,OF
1423,OF
1424,OF
1425,OF
1426,OF
1427,OF
1428,OF
1429,OF
1430,OF
1431,OF
1433,OF
1437,OF
1438,OF
1443,OF
1444,OF
1445,OF
1446,OF
1447,OF
1448,OF
1449,OF
1450,OF
1451,OF
1453,OF
1454,OF
1455,OF
1456,OF
1457,OF
1458,OF
1459,OF
1460,OF
1463,OF
1464,OF
1466,OF
1467,OF
1468,OF
1469,OF
1470,OF
1471,OF
1473,OF
1474,OF
1475,OF
1476,OF
1477,OF
1478,OF
1479,OF
1480,OF
1481,OF
1482,OF
1484,OF
1485,OF
1486,OF
1487,OF
1488,OF
1489,OF
1490,OF
1491,OF
1492,OF
1493,OF
1494,OF
1495,OF
1496,OF
1497,OF
1499,OF
1500,OF
1501,OF
1502,OF
1503,OF
1504,OF
1505,OF
1506,OF
1507,OF
1508,OF
1510,OF
1511,OF
1512,OF
1513,OF
1515,OF
1516,OF
1517,OF
1518,OF
1521,OF
1522,OF
1523,OF
1524,OF
1526,OF
1527,OF
1528,OF
1529,OF
1531,OF
1533,OF
1534,OF
1535,OF
1536,OF
1537,OF
1538,OF
1539,OF
1540,OF
1541,OF
1542,OF
1543,OF
1545,OF
1546,OF
1547,OF
1548,OF
1549,OF
1563,OF
1564,OF
1565,OF
1566,OF
1567,OF
1568,OF
1569,OF
1570,OF
1571,OF
1572,OF
1574,OF
1575,OF
1577,OF
1578,OF
1580,OF
1582,OF
1583,OF
1584,OF
1585,OF
1586,OF
1587,OF
1588,OF
1589,OF
1590,OF
1591,OF
1592,OF
1593,OF
1594,OF
1595,OF
1597,OF
1598,OF
1601,OF
1602,OF
1604,OF
1605,OF
1606,OF
1607,OF
1608,OF
1609,OF
1610,OF
1611,OF
1612,OF
1613,OF
1614,OF
1615,OF
1616,OF
1617,OF
1618,OF
1620,OF
1621,OF
1622,OF
1623,OF
1624,OF
1625,OF
1626,OF
1627,OF
1628,OF
1629,OF
1630,OF
1631,OF
1632,OF
1635,OF
1636,OF
1637,OF
1638,OF
1639,OF
1640,OF
1641,OF
1643,OF
1644,OF
1645,OF
1650,OF
1651,OF
1652,OF
1653,OF
1654,OF
1655,OF
1659,OF
1661,OF
1662,OF
1663,OF
1664,OF
1665,OF
1666,OF
1667,OF
1669,OF
1670,OF
1671,OF
1672,OF
1673,OF
1674,OF
1675,OF
1676,OF
1677,OF
1679,OF
1680,OF
1681,OF
1682,OF
1683,OF
1685,OF
1686,OF
1687,OF
1688,OF
1691,OF
1692,OF
1693,OF
1694,OF
1695,OF
1697,OF
1698,OF
1699,OF
1700,OF
1701,OF
1702,OF
1703,OF
1704,OF
1705,OF
1706,OF
1708,OF
1709,OF
1712,OF
1713,OF
1714,OF
1715,OF
1716,OF
1717,OF
1718,OF
1719,OF
1723,OF
1724,OF
1726,OF
1727,OF
1728,OF
1729,OF
1730,OF
1733,OF
1734,OF
1735,OF
1736,OF
1737,OF
1739,OF
1740,OF
1741,OF
1742,OF
1743,OF
1744,OF
1750,OF
1751,OF
1752,OF
1753,OF
1754,OF
1755,OF
1756,OF
1757,OF
1758,OF
1759,OF
1760,OF
1761,OF
1762,OF
1763,OF
1764,OF
1766,OF
1767,OF
1768,OF
1769,OF
1772,OF
1773,OF
1774,OF
1775,OF
1776,OF
1777,OF
1778,OF
1779,OF
1781,OF
1785,OF
1787,OF
1788,OF
1791,OF
1792,OF
1794,OF
1795,OF
1796,OF
1797,OF
1798,OF
1799,OF
1800,OF
1801,OF
1802,OF
1803,OF
1808,OF
1809,OF
1810,OF
1811,OF
1812,OF
1813,OF
1814,OF
1815,OF
1819,OF
1820,OF
1821,OF
1822,OF
1823,OF
1824,OF
1826,OF
1827,OF
1829,OF
1830,OF
1834,OF
1837,OF
1838,OF
1840,OF
1841,OF
1842,OF
1843,OF
1845,OF
1846,OF
1847,OF
1848,OF
1849,OF
1851,OF
1852,OF
1854,OF
1855,OF
1858,OF
1859,OF
1860,OF
1861,OF
1862,OF
1863,OF
1864,OF
1865,OF
1866,OF
1867,OF
1868,OF
1869,OF
1870,OF
1871,OF
1872,OF
1873,OF
1874,OF
1875,OF
1876,OF
1877,OF
1878,OF
1881,OF
1882,OF
1883,OF
1884,OF
1885,OF
1886,OF
1887,OF
1888,OF
1889,OF
1890,OF
1891,OF
1892,OF
1893,OF
1894,OF
1895,OF
1896,OF
1897,OF
1899,OF
1903,OF
1904,OF
1905,OF
1906,OF
1907,OF
1908,OF
1909,OF
1910,OF
1911,OF
1912,OF
1914,OF
1915,OF
1916,OF
1917,OF
1918,OF
1919,OF
1920,OF
1921,OF
1922,OF
1923,OF
1924,OF
1925,OF
1926,OF
1927,OF
1928,OF
1929,OF
1930,OF
1931,OF
1932,OF
1933,OF
1934,OF
1935,OF
1936,OF
1937,OF
1938,OF
1939,OF
1940,OF
1941,OF
1942,OF
1943,OF
1945,OF
1946,OF
1947,OF
1948,OF
1949,OF
1950,OF
1951,OF
1952,OF
1953,OF
1954,OF
1955,OF
1956,OF
1959,OF
1960,OF
1961,OF
1963,OF
1964,OF
1967,OF
1970,OF
1971,OF
1972,OF
1973,OF
1974,OF
1975,OF
1976,OF
1977,OF
1978,OF
1979,OF
1981,OF
1982,OF
1983,OF
1984,OF
1985,OF
1986,OF
1987,OF
1990,OF
1991,OF
1992,OF
1993,OF
1994,OF
1997,OF
1998,OF
1999,OF
2001,OF
2006,OF
2008,OF
2009,OF
2010,OF
2011,OF
2013,OF
2014,OF
2015,OF
2016,OF
2017,OF
2018,OF
2019,OF
2020,OF
2021,OF
2025,OF
2026,OF
2027,OF
2028,OF
2029,OF
2030,OF
2031,OF
2033,OF
2034,OF
2035,OF
2036,OF
2039,OF
2040,OF
2041,OF
2042,OF
2043,OF
2045,OF
2046,OF
2047,OF
2048,OF
2049,OF
2051,OF
2052,OF
2053,OF
2054,OF
2055,OF
2056,OF
2057,OF
2058,OF
2059,OF
2060,OF
2061,OF
2062,OF
2063,OF
2065,OF
2066,OF
2067,OF
2068,OF
2071,OF
2072,OF
2073,OF
2074,OF
2075,OF
2076,OF
2077,OF
2078,OF
2079,OF
2080,OF
2081,OF
2082,OF
2083,OF
2084,OF
2085,OF
2086,OF
2087,OF
2088,OF
2089,OF
2090,OF
2091,OF
2092,OF
2093,OF
2094,OF
2095,OF
2096,OF
2097,OF
2098,OF
2099,OF
2100,OF
2101,OF
2102,OF
2103,OF
2104,OF
2105,OF
2106,OF
2107,OF
2108,OF
2109,OF
2110,OF
2112,OF
2113,OF
2114,OF
2115,OF
2116,OF
2117,OF
2120,OF
2121,OF
2123,OF
2124,OF
2128,OF
2130,OF
2131,OF
2132,OF
2133,OF
2134,OF
2135,OF
2136,OF
2137,OF
2138,OF
2139,OF
2140,OF
2141,OF
2142,OF
2143,OF
2144,OF
2145,OF
2146,OF
2147,OF
2148,OF
2149,OF
2150,OF
2152,OF
2153,OF
2154,OF
2156,OF
2157,OF
2158,OF
2159,OF
2160,OF
2162,OF
2163,OF
2165,OF
2166,OF
2167,OF
2168,OF
2169,OF
2170,OF
2172,OF
2173,OF
2174,OF
2175,OF
2178,OF
2182,OF
2183,OF
2184,OF
2185,OF
2186,OF
2187,OF
2188,OF
2189,OF
2190,OF
2191,OF
2192,OF
2193,OF
2194,OF
2195,OF
2196,OF
2197,OF
2198,OF
2199,OF
2200,OF
2201,OF
2202,OF
2206,OF
2207,OF
2208,OF
2209,OF
2210,OF
2211,OF
2212,OF
2213,OF
2214,OF
2215,OF
2218,OF
2219,OF
2220,OF
2221,OF
2222,OF
2223,OF
2224,OF
2225,OF
2226,OF
2227,OF
2228,OF
2229,OF
2230,OF
2231,OF
2232,OF
2233,OF
2234,OF
2235,OF
2236,OF
2237,OF
2238,OF
2239,OF
2240,OF
2241,OF
2242,OF
2243,OF
2244,OF
2245,OF
2246,OF
2247,OF
2248,OF
2249,OF
2250,OF
2251,OF
2252,OF
2254,OF
2255,OF
2256,OF
2259,OF
2260,OF
2261,OF
2262,OF
2263,OF
2264,OF
2265,OF
2266,OF
2267,OF
2268,OF
2269,OF
2270,OF
2271,OF
2272,OF
2273,OF
2274,OF
2275,OF
2279,OF
2280,OF
2281,OF
2282,OF
2283,OF
2284,OF
2285,OF
2286,OF
2287,OF
2288,OF
2290,OF
2291,OF
2292,OF
2293,OF
2294,OF
2295,OF
2296,OF
2297,OF
2300,OF
2301,OF
2302,OF
2303,OF
2304,OF
2305,OF
2306,OF
2307,OF
2308,OF
2309,OF
2310,OF
2311,OF
2312,OF
2313,OF
2314,OF
2315,OF
2316,OF
2317,OF
2318,OF
2322,OF
2323,OF
2324,OF
2325,OF
2326,OF
2327,OF
2328,OF
2330,OF
2331,OF
2332,OF
2333,OF
2334,OF
2335,OF
2336,OF
2337,OF
2338,OF
2339,OF
2340,OF
2341,OF
2342,OF
2344,OF
2345,OF
2348,OF
2349,OF
2350,OF
2351,OF
2354,OF
2355,OF
2356,OF
2357,OF
2358,OF
2360,OF
2361,OF
2362,OF
2363,OF
2364,OF
2365,OF
2366,OF
2367,OF
2368,OF
2369,OF
2370,OF
2371,OF
2372,OF
2373,OF
2374,OF
2375,OF
2376,OF
2377,OF
2378,OF
2379,OF
2380,OF
2381,OF
2382,OF
2383,OF
2385,OF
2387,OF
2388,OF
2389,OF
2390,OF
2391,OF
2392,OF
2393,OF
2395,OF
2396,OF
2397,OF
2398,OF
2399,OF
2400,OF
2401,OF
2402,OF
2403,OF
2404,OF
2407,OF
2408,OF
2409,OF
2410,OF
2411,OF
2412,OF
2413,OF
2414,OF
2415,OF
2416,OF
2417,OF
2418,OF
2419,OF
2420,OF
2421,OF
2422,OF
2423,OF
2425,OF
2426,OF
2427,OF
2429,OF
2430,OF
2431,OF
2432,OF
2434,OF
2435,OF
2436,OF
2437,OF
2438,OF
2440,OF
2441,OF
2442,OF
2443,OF
2445,OF
2446,OF
2447,OF
2448,OF
2449,OF
2450,OF
2451,OF
2452,OF
2453,OF
2454,OF
2456,OF
2457,OF
2458,OF
2461,OF
2462,OF
2464,OF
2465,OF
2466,OF
2467,OF
2468,OF
2469,OF
2470,OF
2471,OF
2474,OF
2476,OF
2477,OF
2478,OF
2479,OF
2480,OF
2481,OF
2482,OF
2483,OF
2485,OF
2486,OF
2487,OF
2488,OF
2489,OF
2490,OF
2491,OF
2492,OF
2494,OF
2497,OF
2498,OF
2499,OF
2500,OF
2501,OF
2502,OF
2503,OF
2504,OF
2505,OF
2506,OF
2507,OF
2508,OF
2509,OF
2510,OF
2512,OF
2513,OF
2514,OF
2515,OF
2516,OF
2517,OF
2518,OF
2519,OF
2520,OF
2521,OF
2522,OF
2523,OF
2524,OF
2527,OF
2528,OF
2529,OF
2530,OF
2531,OF
2532,OF
2533,OF
2534,OF
2535,OF
2536,OF
2537,OF
2538,OF
2539,OF
2540,OF
2541,OF
2542,OF
2543,OF
2544,OF
2545,OF
2546,OF
2547,OF
2548,OF
2549,OF
2550,OF
2551,OF
2552,OF
2553,OF
2554,OF
2555,OF
2556,OF
2557,OF
2558,OF
2559,OF
2560,OF
2561,OF
2562,OF
2563,OF
2564,OF
2565,OF
2566,OF
2567,OF
2568,OF
2569,OF
2570,OF
2571,OF
2572,OF
2573,OF
2574,OF
2575,OF
2576,OF
2577,OF
2578,OF
2579,OF
2580,OF
2581,OF
2582,OF
2583,OF
2584,OF
2585,OF
2588,OF
2589,OF
2590,OF
2591,OF
2592,OF
2593,OF
2594,OF
2595,OF
2596,OF
2597,OF
2598,OF
2599,OF
2600,OF
2601,OF
2603,OF
2604,OF
2605,OF
2607,OF
2608,OF
2609,OF
2610,OF
2611,OF
2612,OF
2614,OF
2615,OF
2616,OF
2617,OF
2618,OF
2619,OF
2621,OF
2622,OF
2623,OF
2624,OF
2625,OF
2626,OF
2627,OF
2628,OF
2629,OF
2632,OF
2633,OF
2634,OF
2635,OF
2636,OF
2637,OF
2638,OF
2639,OF
2640,OF
2641,OF
2642,OF
2643,OF
2644,OF
2645,OF
2646,OF
2647,OF
2648,OF
2650,OF
2651,OF
2652,OF
2653,OF
2654,OF
2655,OF
2656,OF
2657,OF
2658,OF
2659,OF
2660,OF
2661,OF
2662,OF
2663,OF
2664,OF
2665,OF
2666,OF
2667,OF
2668,OF
2669,OF
2670,OF
2671,OF
2672,OF
2673,OF
2674,OF
2675,OF
2677,OF
2678,OF
2679,OF
2680,OF
2681,OF
2682,OF
2683,OF
2684,OF
2685,OF
2686,OF
2688,OF
2689,OF
2690,OF
2691,OF
2692,OF
2693,OF
2695,OF
2696,OF
2697,OF
2698,OF
2699,OF
2700,OF
2701,OF
2702,OF
2703,OF
2704,OF
2705,OF
2706,OF
2708,OF
2709,OF
2710,OF
2711,OF
2712,OF
2714,OF
2715,OF
2716,OF
2717,OF
2718,OF
2719,OF
2720,OF
2721,OF
2722,OF
2723,OF
2724,OF
2725,OF
2726,OF
2727,OF
2728,OF
2729,OF
2730,OF
2731,OF
2732,OF
2733,OF
2734,OF
2735,OF
2736,OF
2737,OF
2738,OF
2739,OF
2742,OF
2743,OF
2744,OF
2745,OF
2746,OF
2747,OF
2748,OF
2749,OF
2750,OF
2751,OF
2752,OF
2753,OF
2754,OF
2755,OF
2756,OF
2757,OF
2758,OF
2759,OF
2760,OF
2761,OF
2762,OF
2763,OF
2764,OF
2765,OF
2766,OF
2767,OF
2768,OF
2769,OF
2770,OF
2771,OF
2772,OF
2773,OF
2774,OF
2775,OF
2776,OF
2777,OF
2778,OF
2779,OF
2781,OF
2782,OF
2783,OF
2784,OF
2785,OF
2786,OF
2788,OF
2789,OF
2790,OF
2791,OF
2792,OF
2793,OF
2794,OF
2795,OF
2796,OF
2797,OF
2798,OF
2801,OF
2803,OF
2804,OF
2805,OF
2806,OF
2807,OF
2808,OF
2809,OF
2810,OF
2811,OF
2812,OF
2813,OF
2814,OF
2815,OF
2816,OF
2817,OF
2818,OF
2819,OF
2820,OF
2821,OF
2822,OF
2823,OF
2824,OF
2825,OF
2826,OF
2827,OF
2828,OF
2829,OF
2830,OF
2831,OF
2832,OF
2833,OF
2834,OF
2835,OF
2836,OF
2837,OF
2838,OF
2839,OF
2842,OF
2843,OF
2844,OF
2845,OF
2846,OF
2847,OF
2848,OF
2849,OF
2850,OF
2851,OF
2852,OF
2853,OF
2854,OF
2855,OF
2856,OF
2857,OF
2858,OF
2859,OF
2860,OF
2862,OF
2864,OF
2865,OF
2866,OF
2867,OF
2868,OF
2869,OF
2870,OF
2871,OF
2872,OF
2873,OF
2874,OF
2875,OF
2876,OF
2877,OF
2878,OF
2879,OF
2880,OF
2881,OF
2882,OF
2883,OF
2884,OF
2887,OF
2888,OF
2889,OF
2890,OF
2894,OF
2895,OF
2896,OF
2897,OF
2898,OF
2899,OF
2900,OF
2901,OF
2902,OF
2903,OF
2904,OF
2905,OF
2906,OF
2907,OF
2908,OF
2909,OF
2911,OF
2912,OF
2913,OF
2914,OF
2915,OF
2916,OF
2917,OF
2918,OF
2919,OF
2921,OF
2922,OF
2923,OF
2924,OF
2927,OF
2928,OF
2929,OF
2930,OF
2931,OF
2932,OF
2933,OF
2934,OF
2935,OF
2938,OF
2939,OF
2940,OF
2941,OF
2942,OF
2944,OF
2946,OF
2947,OF
2948,OF
2949,OF
2952,OF
2953,OF
2954,OF
2955,OF
2957,OF
2958,OF
2959,OF
2960,OF
2963,OF
2964,OF
2965,OF
2966,OF
2969,OF
2970,OF
2971,OF
2972,OF
2973,OF
2974,OF
2975,OF
2976,OF
2977,OF
2978,OF
2979,OF
2980,OF
2982,OF
2984,OF
2985,OF
2986,OF
2987,OF
2988,OF
2989,OF
2991,OF
2992,OF
2993,OF
2994,OF
2995,OF
2997,OF
2998,OF
2999,OF
3002,OF
3003,OF
3004,OF
3015,OF
3016,OF
3017,OF
3021,OF
3022,OF
3023,OF
3024,OF
3026,OF
3027,OF
3028,OF
3029,OF
3030,OF
3031,OF
3033,OF
3034,OF
3035,OF
3036,OF
3037,OF
3038,OF
3041,OF
3042,OF
3043,OF
3044,OF
3045,OF
3046,OF
3047,OF
3048,OF
3049,OF
3050,OF
3051,OF
3053,OF
3054,OF
3055,OF
3056,OF
3057,OF
3058,OF
3059,OF
3062,OF
3063,OF
3064,OF
3073,OF
3074,OF
3075,OF
3087,OF
3088,OF
3091,OF
3092,OF
3093,OF
3094,OF
3095,OF
3096,OF
3097,OF
3098,OF
3099,OF
3100,OF
3101,OF
3102,OF
3103,OF
3104,OF
3105,OF
3106,OF
3117,OF
3118,OF
3119,OF
3120,OF
3121,OF
3122,OF
3123,OF
3124,OF
3125,OF
3130,OF
3131,OF
3132,OF
3133,OF
3134,OF
3135,OF
3140,OF
3141,OF
3142,OF
3143,OF
3144,OF
3145,OF
3146,OF
3147,OF
3148,OF
3149,OF
3150,OF
3151,OF
3154,OF
3155,OF
3156,OF
3157,OF
3158,OF
3159,OF
3160,OF
3161,OF
3162,OF
3163,OF
3164,OF
3165,OF
3166,OF
3167,OF
3168,OF
3169,OF
3170,OF
3171,OF
3172,OF
3173,OF
3175,OF
3176,OF
3177,OF
3178,OF
3179,OF
3180,OF
3181,OF
3182,OF
3183,OF
3185,OF
3186,OF
3187,OF
3189,OF
3190,OF
3191,OF
3192,OF
3194,OF
3199,OF
3200,OF
3206,OF
3207,OF
3208,OF
3209,OF
3210,OF
3211,OF
3212,OF
3213,OF
3214,OF
3215,OF
3216,OF
3218,OF
3219,OF
3220,OF
3221,OF
3222,OF
3224,OF
3225,OF
3226,OF
3227,OF
3230,OF
3231,OF
3232,OF
3233,OF
3234,OF
3235,OF
3236,OF
3237,OF
3239,OF
3240,OF
3241,OF
3242,OF
3243,OF
3244,OF
3245,OF
3246,OF
3247,OF
3248,OF
3250,OF
3251,OF
3252,OF
3253,OF
3254,OF
3255,OF
3256,OF
3257,OF
3258,OF
3259,OF
3260,OF
3261,OF
3262,OF
3264,OF
3265,OF
3266,OF
3267,OF
3268,OF
3269,OF
3270,OF
3271,OF
3272,OF
3273,OF
3274,OF
3275,OF
3276,OF
3277,OF
3278,OF
3279,OF
3280,OF
3281,OF
3282,OF
3283,OF
3285,OF
3286,OF
3287,OF
3288,OF
3289,OF
3290,OF
3292,OF
3295,OF
3298,OF
3299,OF
3301,OF
3302,OF
3304,OF
3305,OF
3308,OF
3309,OF
3310,OF
3313,OF
3319,OF
3320,OF
3324,OF
3325,OF
3327,OF
3328,OF
3329,OF
3330,OF
3331,OF
3332,OF
3334,OF
3335,OF
3336,OF
3337,OF
3338,OF
3339,OF
3340,OF
3341,OF
3343,OF
3344,OF
3345,OF
3346,OF
3349,OF
3350,OF
3351,OF
3352,OF
3353,OF
3354,OF
3355,OF
3356,OF
3357,OF
3358,OF
3362,OF
3363,OF
3364,OF
3365,OF
3367,OF
3368,OF
3369,OF
3370,OF
3371,OF
3372,OF
3373,OF
3374,OF
3376,OF
3377,OF
3378,OF
3379,OF
3380,OF
3381,OF
3382,OF
3383,OF
3391,OF
3392,OF
3393,OF
3394,OF
3395,OF
3396,OF
3397,OF
3398,OF
3399,OF
3400,OF
3402,OF
3404,OF
3405,OF
3406,OF
3409,OF
3410,OF
3411,OF
3412,OF
3413,OF
3414,OF
3415,OF
3416,OF
3417,OF
3418,OF
3425,OF
3426,OF
3427,OF
3428,OF
3429,OF
3430,OF
3431,OF
3432,OF
3433,OF
3434,OF
3435,OF
3438,OF
3439,OF
3445,OF
3446,OF
3447,OF
3452,OF
3453,OF
3454,OF
3455,OF
3456,OF
3463,OF
3464,OF
3466,OF
3469,OF
3470,OF
3471,OF
3472,OF
3473,OF
3474,OF
3478,OF
3479,OF
3480,OF
3484,OF
3485,OF
3487,OF
3490,OF
3491,OF
3492,OF
3493,OF
3495,OF
3496,OF
3497,OF
3500,OF
3501,OF
3504,OF
3505,OF
3510,OF
3511,OF
3512,OF
3514,OF
3525,OF
3526,OF
3527,OF
3528,OF
3529,OF
3534,OF
3535,OF
3536,OF
3539,OF
3541,OF
3547,OF
3549,OF
3551,OF
3559,OF
3560,OF
3564,OF
3565,OF
3566,OF
3573,OF
3574,OF
3575,OF
3582,OF
3585,OF
3586,OF
3587,OF
3588,OF
3589,OF
3590,OF
3594,OF
3595,OF
3601,OF
3602,OF
3605,OF
3607,OF
3610,OF
3611,OF
3612,OF
3613,OF
3614,OF
3615,OF
3618,OF
3619,OF
3622,OF
3623,OF
3624,OF
3625,OF
3627,OF
3628,OF
3634,OF
3648,OF
3651,OF
3654,OF
3655,OF
3660,OF
3661,OF
3662,OF
3664,OF
3665,OF
3667,OF
3668,OF
3669,OF
3671,OF
3672,OF
3681,OF
3682,OF
3683,OF
3692,OF
3693,OF
3703,OF
3717,OF
20001,OF
20002,OF
20003,OF
20005,OF
20007,OF
20009,OF
20010,OF
20011,OF
20012,OF
20015,OF
20018,OF
20019,OF
20020,OF
20021,OF
20022,OF
20023,OF
20026,OF
20027,OF
20028,OF
20029,OF
20031,OF
20032,OF
20033,OF
20034,OF
20035,OF
20036,OF
40001,OF
40002,OF
40003,OF
40004,OF
40005,OF
40007,OF
40008,OF
40009,OF
40010,OF
40011,OF
40012,OF
40013,OF
40015,OF
40016,OF
40018,OF
40019,OF
40020,OF
40021,OF
40022,OF
40023,OF
40025,OF
40026,OF
40028,OF
40029,OF
40030,OF
40031,OF
40033,OF
40034,OF
40035,OF
40036,OF
40037,OF
40038,OF
40039,OF
40040,OF
40041,OF
40045,OF
40046,OF
40047,OF
40048,OF
40180,OF
40190,OF
41003,OF
50001,OF
50002,OF
50003,OF
50004,OF
50006,OF
50007,OF
50008,OF
50009,OF
50010,OF
50011,OF
50012,OF
50013,OF
50014,OF
50015,OF
50016,OF
50018,OF
50019,OF
50020,OF
50021,OF
50022,OF
50023,OF
50024,OF
50025,OF
50026,OF
50027,OF
50028,OF
50029,OF
50030,OF
50106,OF
50111,OF
50116,OF
50119,OF
50123,OF
50128,OF
50201,OF
50202,OF
50203,OF
70001,OF
70002,OF
70003,OF
70005,OF
70006,OF
70008,OF
70009,OF
70010,OF
70011,OF
70012,OF
70013,OF
70015,OF
70016,OF
70017,OF
70018,OF
70019,OF
70020,OF
70021,OF
70022,OF
70023,OF
70025,OF
70026,OF
70027,OF
70028,OF
70029,OF
70030,OF
70031,OF
70032,OF
70033,OF
70035,OF
70036,OF
70037,OF
70038,OF
70088,OF
70099,OF
80001,OF
80002,OF
80003,OF
80005,OF
80006,OF
80007,OF
80008,OF
80009,OF
80010,OF
80011,OF
80012,OF
80015,OF
90001,OF
90002,OF
90003,OF
90004,OF
90005,OF
90006,OF
90007,OF
90008,OF
90009,OF
90010,OF
90011,OF
90012,OF
90013,OF
90015,OF
90016,OF
90017,OF
90018,OF
90019,OF
90020,OF
90021,OF
90022,OF
90023,OF
91005,OF
91021,OF
91022,OF
91023,OF
92002,OF
96001,OF
100016,OF
100018,OF
100020,OF
100022,OF
100025,OF
100026,OF
100028,OF
100029,OF
100032,OF
100035,OF
100037,OF
100038,OF
100039,OF
100050,OF
100051,OF
100053,OF
100055,OF
100056,OF
100058,OF
100060,OF
100061,OF
100066,OF
100068,OF
100072,OF
100073,OF
110001,OF
110002,OF
110003,OF
110005,OF
110006,OF
110007,OF
110008,OF
110009,OF
110010,OF
110011,OF
110012,OF
110013,OF
110015,OF
110016,OF
110017,OF
110018,OF
110019,OF
110020,OF
110021,OF
110022,OF
110023,OF
110025,OF
110026,OF
110027,OF
110028,OF
110029,OF
110030,OF
110031,OF
110032,OF
110033,OF
110035,OF
110036,OF
110037,OF
110038,OF
110050,OF
110051,OF
110052,OF
110053,OF
112002,OF
118001,OF
118002,OF
121001,OF
121002,OF
121003,OF
121005,OF
121006,OF
121008,OF
121009,OF
121010,OF
121011,OF
121012,OF
121013,OF
128011,OF
128013,OF
128112,OF
150005,OF
150015,OF
150103,OF
150173,OF
150174,OF
150186,OF
150188,OF
150189,OF
150190,OF
150191,OF
150195,OF
150207,OF
150208,OF
150289,OF
150306,OF
151001,OF
151002,OF
159001,OF
159002,OF
159003,OF
159004,OF
159005,OF
159006,OF
159901,OF
159902,OF
159903,OF
159905,OF
159906,OF
159907,OF
159908,OF
159909,OF
159910,OF
159911,OF
159912,OF
159913,OF
159915,OF
159916,OF
159918,OF
159919,OF
159920,OF
159921,OF
159922,OF
159923,OF
159924,OF
159925,OF
159926,OF
159927,OF
159928,OF
159929,OF
159930,OF
159931,OF
159932,OF
159933,OF
159934,OF
159935,OF
159936,OF
159937,OF
159938,OF
159939,OF
159940,OF
159941,OF
159942,OF
159943,OF
159944,OF
159945,OF
159946,OF
159948,OF
159949,OF
160105,OF
160106,OF
160119,OF
160121,OF
160123,OF
160124,OF
160125,OF
160127,OF
160128,OF
160129,OF
160130,OF
160131,OF
160132,OF
160133,OF
160134,OF
160136,OF
160211,OF
160213,OF
160215,OF
160216,OF
160217,OF
160218,OF
160220,OF
160223,OF
160224,OF
160225,OF
160226,OF
160311,OF
160314,OF
160322,OF
160415,OF
160416,OF
160417,OF
160420,OF
160421,OF
160505,OF
160512,OF
160515,OF
160516,OF
160518,OF
160519,OF
160520,OF
160521,OF
160522,OF
160523,OF
160602,OF
160603,OF
160605,OF
160606,OF
160607,OF
160608,OF
160609,OF
160610,OF
160611,OF
160612,OF
160613,OF
160615,OF
160616,OF
160620,OF
160624,OF
160627,OF
160631,OF
160632,OF
160633,OF
160634,OF
160635,OF
160636,OF
160638,OF
160639,OF
160640,OF
160642,OF
160706,OF
160716,OF
160717,OF
160718,OF
160719,OF
160720,OF
160721,OF
160722,OF
160805,OF
160807,OF
160808,OF
160809,OF
160810,OF
160812,OF
160813,OF
160910,OF
160916,OF
160918,OF
160919,OF
160921,OF
160922,OF
161005,OF
161010,OF
161017,OF
161019,OF
161025,OF
161027,OF
161028,OF
161029,OF
161030,OF
161032,OF
161033,OF
161035,OF
161116,OF
161117,OF
161118,OF
161119,OF
161120,OF
161121,OF
161122,OF
161123,OF
161124,OF
161210,OF
161211,OF
161213,OF
161217,OF
161219,OF
161221,OF
161222,OF
161223,OF
161224,OF
161225,OF
161226,OF
161227,OF
161229,OF
161230,OF
161231,OF
161232,OF
161507,OF
161601,OF
161603,OF
161604,OF
161605,OF
161606,OF
161607,OF
161608,OF
161609,OF
161610,OF
161611,OF
161612,OF
161613,OF
161615,OF
161616,OF
161618,OF
161619,OF
161620,OF
161622,OF
161623,OF
161624,OF
161625,OF
161629,OF
161630,OF
161693,OF
161706,OF
161714,OF
161715,OF
161716,OF
161719,OF
161721,OF
161722,OF
161723,OF
161724,OF
161725,OF
161726,OF
161727,OF
161810,OF
161811,OF
161812,OF
161815,OF
161816,OF
161818,OF
161819,OF
161820,OF
161821,OF
161822,OF
161823,OF
161831,OF
161834,OF
161902,OF
161903,OF
161907,OF
161910,OF
162006,OF
162010,OF
162102,OF
162107,OF
162108,OF
162201,OF
162202,OF
162203,OF
162204,OF
162205,OF
162206,OF
162207,OF
162208,OF
162209,OF
162210,OF
162211,OF
162212,OF
162213,OF
162214,OF
162216,OF
162299,OF
162307,OF
162411,OF
162412,OF
162414,OF
162415,OF
162509,OF
162510,OF
162605,OF
162607,OF
162703,OF
162711,OF
162714,OF
162715,OF
162716,OF
162717,OF
162907,OF
163001,OF
163005,OF
163109,OF
163110,OF
163111,OF
163114,OF
163115,OF
163116,OF
163117,OF
163119,OF
163208,OF
163209,OF
163210,OF
163211,OF
163302,OF
163402,OF
163406,OF
163407,OF
163409,OF
163411,OF
163412,OF
163415,OF
163503,OF
163801,OF
163802,OF
163803,OF
163804,OF
163805,OF
163806,OF
163807,OF
163808,OF
163809,OF
163810,OF
163811,OF
163812,OF
163813,OF
163816,OF
163817,OF
163818,OF
163820,OF
163821,OF
163822,OF
163823,OF
163824,OF
163827,OF
163907,OF
164205,OF
164304,OF
164401,OF
164402,OF
164403,OF
164508,OF
164701,OF
164702,OF
164809,OF
164810,OF
164811,OF
164812,OF
164814,OF
164815,OF
164818,OF
164905,OF
164906,OF
164907,OF
165309,OF
165310,OF
165312,OF
165313,OF
165314,OF
165315,OF
165317,OF
165508,OF
165510,OF
165511,OF
165512,OF
165513,OF
165515,OF
165516,OF
165522,OF
165526,OF
165527,OF
165528,OF
165530,OF
165707,OF
165806,OF
166001,OF
166002,OF
166003,OF
166004,OF
166005,OF
166006,OF
166007,OF
166008,OF
166009,OF
166010,OF
166011,OF
166014,OF
166015,OF
166016,OF
166019,OF
166020,OF
166301,OF
166801,OF
166802,OF
166902,OF
166903,OF
166904,OF
166905,OF
167001,OF
167002,OF
167301,OF
167503,OF
167701,OF
168001,OF
168101,OF
168102,OF
168103,OF
168104,OF
168105,OF
168106,OF
168107,OF
168201,OF
169101,OF
169102,OF
169103,OF
169104,OF
169105,OF
169201,OF
180001,OF
180002,OF
180003,OF
180008,OF
180009,OF
180010,OF
180012,OF
180013,OF
180015,OF
180018,OF
180020,OF
180025,OF
180026,OF
180028,OF
180029,OF
180030,OF
180031,OF
180033,OF
183001,OF
200001,OF
200002,OF
200003,OF
200006,OF
200007,OF
200008,OF
200009,OF
200010,OF
200011,OF
200012,OF
200013,OF
200015,OF
200016,OF
200103,OF
200113,OF
202001,OF
202002,OF
202003,OF
202005,OF
202007,OF
202009,OF
202011,OF
202015,OF
202017,OF
202019,OF
202021,OF
202023,OF
202025,OF
202027,OF
202101,OF
202102,OF
202103,OF
202105,OF
202107,OF
202108,OF
202110,OF
202202,OF
202211,OF
202212,OF
202213,OF
202301,OF
202302,OF
202303,OF
202304,OF
202305,OF
202306,OF
202307,OF
202308,OF
202801,OF
206001,OF
206002,OF
206003,OF
206004,OF
206005,OF
206006,OF
206007,OF
206008,OF
206009,OF
206010,OF
206011,OF
206012,OF
206013,OF
206015,OF
206018,OF
210001,OF
210002,OF
210003,OF
210004,OF
210005,OF
210006,OF
210007,OF
210008,OF
210009,OF
210010,OF
210011,OF
210012,OF
210013,OF
210014,OF
213001,OF
213002,OF
213003,OF
213006,OF
213007,OF
213008,OF
213009,OF
213010,OF
213909,OF
213917,OF
217001,OF
217002,OF
217003,OF
217004,OF
217005,OF
217008,OF
217009,OF
217010,OF
217011,OF
217012,OF
217013,OF
217014,OF
217015,OF
217016,OF
217017,OF
217018,OF
217019,OF
217020,OF
217021,OF
217022,OF
217023,OF
217024,OF
217025,OF
217026,OF
217027,OF
217203,OF
229002,OF
233001,OF
233005,OF
233006,OF
233007,OF
233008,OF
233009,OF
233010,OF
233011,OF
233012,OF
233013,OF
233015,OF
240001,OF
240002,OF
240003,OF
240004,OF
240005,OF
240006,OF
240007,OF
240008,OF
240009,OF
240010,OF
240011,OF
240012,OF
240013,OF
240014,OF
240016,OF
240017,OF
240018,OF
240019,OF
240020,OF
240022,OF
241001,OF
253010,OF
253020,OF
253021,OF
253030,OF
253050,OF
253051,OF
253060,OF
253061,OF
255010,OF
257010,OF
257020,OF
257030,OF
257040,OF
257050,OF
257060,OF
257070,OF
260101,OF
260102,OF
260103,OF
260104,OF
260108,OF
260109,OF
260110,OF
260111,OF
260112,OF
260115,OF
260116,OF
260117,OF
260202,OF
261001,OF
261002,OF
261101,OF
261102,OF
262001,OF
263001,OF
270001,OF
270002,OF
270004,OF
270005,OF
270006,OF
270007,OF
270008,OF
270009,OF
270010,OF
270014,OF
270021,OF
270022,OF
270023,OF
270025,OF
270026,OF
270027,OF
270028,OF
270029,OF
270030,OF
270041,OF
270042,OF
270043,OF
270044,OF
270045,OF
270046,OF
270047,OF
270048,OF
270049,OF
270050,OF
288001,OF
288002,OF
288101,OF
288102,OF
288201,OF
290001,OF
290002,OF
290003,OF
290004,OF
290005,OF
290006,OF
290007,OF
290008,OF
290009,OF
290010,OF
290011,OF
290012,OF
290014,OF
291007,OF
310308,OF
310318,OF
310328,OF
310338,OF
310339,OF
310358,OF
310368,OF
310378,OF
310379,OF
310388,OF
310398,OF
310508,OF
310518,OF
320001,OF
320002,OF
320003,OF
320004,OF
320005,OF
320006,OF
320007,OF
320008,OF
320009,OF
320010,OF
320011,OF
320012,OF
320013,OF
320014,OF
320015,OF
320016,OF
320017,OF
320018,OF
320019,OF
320020,OF
320021,OF
320022,OF
340001,OF
340005,OF
340006,OF
340007,OF
340008,OF
340009,OF
350001,OF
350002,OF
350004,OF
350005,OF
350006,OF
350007,OF
350008,OF
350009,OF
360001,OF
360003,OF
360005,OF
360006,OF
360007,OF
360008,OF
360009,OF
360010,OF
360011,OF
360012,OF
360013,OF
360014,OF
360016,OF
360019,OF
360020,OF
370010,OF
370021,OF
370022,OF
370023,OF
370024,OF
370025,OF
370026,OF
370027,OF
371020,OF
371120,OF
372010,OF
372110,OF
373010,OF
373020,OF
375010,OF
376510,OF
377010,OF
377016,OF
377020,OF
377150,OF
377240,OF
377530,OF
378006,OF
378010,OF
378546,OF
379010,OF
380001,OF
380002,OF
380005,OF
380006,OF
380007,OF
380008,OF
380009,OF
380010,OF
380011,OF
392001,OF
392002,OF
393001,OF
395001,OF
395011,OF
395012,OF
398001,OF
398011,OF
398021,OF
398031,OF
398041,OF
398051,OF
398061,OF
399001,OF
399011,OF
400001,OF
400003,OF
400005,OF
400006,OF
400007,OF
400009,OF
400011,OF
400013,OF
400015,OF
400016,OF
400018,OF
400020,OF
400022,OF
400023,OF
400025,OF
400027,OF
400029,OF
400030,OF
400032,OF
410001,OF
410002,OF
410003,OF
410004,OF
410005,OF
410006,OF
410007,OF
410008,OF
410009,OF
410010,OF
420001,OF
420002,OF
420003,OF
420005,OF
420006,OF
420008,OF
420009,OF
420102,OF
420106,OF
420108,OF
450001,OF
450002,OF
450003,OF
450004,OF
450005,OF
450006,OF
450007,OF
450008,OF
450009,OF
450010,OF
450011,OF
450018,OF
450019,OF
457001,OF
460001,OF
460002,OF
460003,OF
460005,OF
460006,OF
460007,OF
460008,OF
460009,OF
460010,OF
460106,OF
460108,OF
460220,OF
460300,OF
470006,OF
470007,OF
470008,OF
470009,OF
470010,OF
470011,OF
470014,OF
470018,OF
470021,OF
470028,OF
470030,OF
470058,OF
470059,OF
470060,OF
470068,OF
470078,OF
470088,OF
470089,OF
470098,OF
470888,OF
471007,OF
471014,OF
471030,OF
471060,OF
472007,OF
481001,OF
481004,OF
481006,OF
481008,OF
481009,OF
481010,OF
481012,OF
481013,OF
481015,OF
481017,OF
482002,OF
483003,OF
485005,OF
485007,OF
485011,OF
485014,OF
485018,OF
485019,OF
485020,OF
485022,OF
485105,OF
485107,OF
485111,OF
485114,OF
485118,OF
485119,OF
485120,OF
485122,OF
486001,OF
486002,OF
487016,OF
487021,OF
501000,OF
501001,OF
501002,OF
501005,OF
501006,OF
501015,OF
501017,OF
501018,OF
501021,OF
501022,OF
501023,OF
501025,OF
501026,OF
501028,OF
501050,OF
502000,OF
502003,OF
502006,OF
502010,OF
502012,OF
502013,OF
502016,OF
502020,OF
502023,OF
502030,OF
502036,OF
502040,OF
502048,OF
502053,OF
502056,OF
510010,OF
510020,OF
510030,OF
510050,OF
510060,OF
510070,OF
510080,OF
510081,OF
510090,OF
510110,OF
510120,OF
510130,OF
510150,OF
510160,OF
510170,OF
510180,OF
510190,OF
510210,OF
510220,OF
510230,OF
510260,OF
510270,OF
510280,OF
510290,OF
510300,OF
510310,OF
510330,OF
510360,OF
510410,OF
510420,OF
510430,OF
510440,OF
510500,OF
510510,OF
510520,OF
510560,OF
510580,OF
510630,OF
510650,OF
510660,OF
510680,OF
510710,OF
510810,OF
510880,OF
510900,OF
511010,OF
511210,OF
511220,OF
511600,OF
511660,OF
511680,OF
511690,OF
511700,OF
511800,OF
511810,OF
511820,OF
511830,OF
511850,OF
511860,OF
511880,OF
511890,OF
511900,OF
511910,OF
511920,OF
511930,OF
511950,OF
511960,OF
511970,OF
511980,OF
511990,OF
512000,OF
512010,OF
512070,OF
512100,OF
512110,OF
512120,OF
512210,OF
512220,OF
512230,OF
512300,OF
512310,OF
512330,OF
512340,OF
512500,OF
512510,OF
512600,OF
512610,OF
512640,OF
512660,OF
512680,OF
512810,OF
512880,OF
512990,OF
513030,OF
513100,OF
513500,OF
513600,OF
513660,OF
518800,OF
518880,OF
519001,OF
519002,OF
519003,OF
519005,OF
519007,OF
519008,OF
519011,OF
519013,OF
519015,OF
519017,OF
519018,OF
519019,OF
519020,OF
519021,OF
519022,OF
519023,OF
519024,OF
519025,OF
519026,OF
519027,OF
519029,OF
519030,OF
519032,OF
519033,OF
519034,OF
519035,OF
519039,OF
519050,OF
519051,OF
519056,OF
519060,OF
519061,OF
519062,OF
519066,OF
519068,OF
519069,OF
519078,OF
519087,OF
519089,OF
519091,OF
519093,OF
519095,OF
519097,OF
519099,OF
519100,OF
519110,OF
519111,OF
519112,OF
519113,OF
519115,OF
519116,OF
519117,OF
519118,OF
519119,OF
519120,OF
519121,OF
519122,OF
519123,OF
519124,OF
519125,OF
519126,OF
519127,OF
519128,OF
519129,OF
519130,OF
519131,OF
519132,OF
519133,OF
519134,OF
519135,OF
519136,OF
519139,OF
519150,OF
519152,OF
519153,OF
519156,OF
519157,OF
519158,OF
519160,OF
519161,OF
519162,OF
519163,OF
519165,OF
519167,OF
519170,OF
519171,OF
519172,OF
519173,OF
519176,OF
519177,OF
519180,OF
519181,OF
519183,OF
519185,OF
519186,OF
519187,OF
519188,OF
519189,OF
519190,OF
519191,OF
519195,OF
519196,OF
519197,OF
519198,OF
519199,OF
519206,OF
519207,OF
519208,OF
519209,OF
519220,OF
519221,OF
519222,OF
519223,OF
519224,OF
519225,OF
519300,OF
519320,OF
519321,OF
519322,OF
519323,OF
519324,OF
519325,OF
519326,OF
519327,OF
519328,OF
519329,OF
519501,OF
519505,OF
519506,OF
519507,OF
519508,OF
519509,OF
519510,OF
519511,OF
519512,OF
519513,OF
519516,OF
519517,OF
519518,OF
519519,OF
519566,OF
519567,OF
519568,OF
519588,OF
519589,OF
519601,OF
519602,OF
519606,OF
519610,OF
519611,OF
519612,OF
519613,OF
519614,OF
519615,OF
519616,OF
519617,OF
519618,OF
519619,OF
519620,OF
519621,OF
519623,OF
519624,OF
519640,OF
519641,OF
519642,OF
519644,OF
519646,OF
519647,OF
519648,OF
519651,OF
519652,OF
519653,OF
519654,OF
519655,OF
519656,OF
519657,OF
519660,OF
519661,OF
519662,OF
519663,OF
519664,OF
519665,OF
519666,OF
519667,OF
519668,OF
519669,OF
519670,OF
519671,OF
519672,OF
519673,OF
519674,OF
519675,OF
519676,OF
519677,OF
519678,OF
519679,OF
519680,OF
519682,OF
519683,OF
519685,OF
519686,OF
519688,OF
519690,OF
519692,OF
519694,OF
519696,OF
519697,OF
519698,OF
519700,OF
519702,OF
519704,OF
519706,OF
519709,OF
519710,OF
519712,OF
519714,OF
519716,OF
519717,OF
519718,OF
519720,OF
519721,OF
519722,OF
519723,OF
519725,OF
519726,OF
519727,OF
519729,OF
519730,OF
519731,OF
519732,OF
519733,OF
519735,OF
519736,OF
519738,OF
519740,OF
519743,OF
519745,OF
519748,OF
519752,OF
519753,OF
519755,OF
519756,OF
519758,OF
519759,OF
519760,OF
519761,OF
519762,OF
519763,OF
519764,OF
519766,OF
519767,OF
519768,OF
519769,OF
519770,OF
519771,OF
519772,OF
519773,OF
519774,OF
519775,OF
519776,OF
519777,OF
519778,OF
519779,OF
519781,OF
519800,OF
519801,OF
519808,OF
519809,OF
519858,OF
519859,OF
519878,OF
519879,OF
519888,OF
519889,OF
519898,OF
519899,OF
519908,OF
519909,OF
519915,OF
519918,OF
519929,OF
519933,OF
519935,OF
519937,OF
519939,OF
519940,OF
519941,OF
519942,OF
519943,OF
519944,OF
519945,OF
519947,OF
519949,OF
519951,OF
519953,OF
519955,OF
519956,OF
519957,OF
519959,OF
519960,OF
519961,OF
519962,OF
519963,OF
519965,OF
519967,OF
519969,OF
519971,OF
519972,OF
519973,OF
519975,OF
519976,OF
519977,OF
519979,OF
519981,OF
519983,OF
519985,OF
519987,OF
519989,OF
519991,OF
519993,OF
519994,OF
519996,OF
519998,OF
519999,OF
530001,OF
530002,OF
530003,OF
530005,OF
530006,OF
530008,OF
530009,OF
530010,OF
530011,OF
530012,OF
530014,OF
530015,OF
530016,OF
530017,OF
530018,OF
530019,OF
530020,OF
530021,OF
530028,OF
530029,OF
530030,OF
531008,OF
531009,OF
531014,OF
531017,OF
531020,OF
531021,OF
531028,OF
531029,OF
531030,OF
539001,OF
539002,OF
539003,OF
540001,OF
540002,OF
540003,OF
540004,OF
540005,OF
540006,OF
540007,OF
540008,OF
540009,OF
540010,OF
540011,OF
540012,OF
541005,OF
541011,OF
550001,OF
550002,OF
550003,OF
550004,OF
550005,OF
550006,OF
550007,OF
550008,OF
550009,OF
550010,OF
550011,OF
550012,OF
550013,OF
550017,OF
550018,OF
550019,OF
560001,OF
560002,OF
560003,OF
560005,OF
560006,OF
570001,OF
570005,OF
570006,OF
570007,OF
570008,OF
571002,OF
573003,OF
580001,OF
580002,OF
580003,OF
580005,OF
580006,OF
580007,OF
580008,OF
580009,OF
582001,OF
582002,OF
582003,OF
582201,OF
582202,OF
583001,OF
583101,OF
585001,OF
590001,OF
590002,OF
590003,OF
590005,OF
590006,OF
590007,OF
590008,OF
590009,OF
590010,OF
610001,OF
610002,OF
610003,OF
610004,OF
610005,OF
610006,OF
610007,OF
610008,OF
610103,OF
610108,OF
620001,OF
620002,OF
620003,OF
620004,OF
620005,OF
620006,OF
620007,OF
620008,OF
620009,OF
620010,OF
620011,OF
630001,OF
630002,OF
630003,OF
630005,OF
630006,OF
630007,OF
630008,OF
630009,OF
630010,OF
630011,OF
630012,OF
630015,OF
630016,OF
630103,OF
630107,OF
630109,OF
630112,OF
650001,OF
650002,OF
660001,OF
660002,OF
660003,OF
660004,OF
660005,OF
660006,OF
660007,OF
660008,OF
660009,OF
660010,OF
660011,OF
660012,OF
660013,OF
660014,OF
660015,OF
660016,OF
660102,OF
660107,OF
660109,OF
660116,OF
671010,OF
673010,OF
673020,OF
673030,OF
673040,OF
673043,OF
673050,OF
673060,OF
675011,OF
675013,OF
675031,OF
675032,OF
675041,OF
675043,OF
675051,OF
675053,OF
675061,OF
675062,OF
675071,OF
675072,OF
675081,OF
675083,OF
680001,OF
686868,OF
686869,OF
688888,OF
690001,OF
690002,OF
690003,OF
690004,OF
690005,OF
690006,OF
690007,OF
690008,OF
690009,OF
690010,OF
690011,OF
690012,OF
690202,OF
690206,OF
690210,OF
690212,OF
700001,OF
700002,OF
700003,OF
700004,OF
700005,OF
700006,OF
710001,OF
710002,OF
710301,OF
710302,OF
710501,OF
710502,OF
720001,OF
720002,OF
720003,OF
730001,OF
730002,OF
730003,OF
730103,OF
740001,OF
740101,OF
740601,OF
740602,OF
750001,OF
750002,OF
750003,OF
750005,OF
750006,OF
750007,OF
762001,OF
770001,OF
960000,OF
960001,OF
960002,OF
960003,OF
960004,OF
960005,OF
960006,OF
960007,OF
960008,OF
960010,OF
960011,OF
960012,OF
960016,OF
960018,OF
960020,OF
960021,OF
960022,OF
960023,OF
960024,OF
960026,OF
960027,OF
960028,OF
960029,OF
968000,OF
968001,OF
968003,OF
968004,OF
968006,OF
968007,OF
968010,OF
968011,OF
968012,OF
91,OF
92,OF
93,OF
291,OF
292,OF
293,OF
293,OF
316,OF
317,OF
318,OF
318,OF
341,OF
342,OF
342,OF
357,OF
358,OF
358,OF
387,OF
388,OF
388,OF
428,OF
429,OF
430,OF
430,OF
497,OF
500,OF
501,OF
502,OF
502,OF
622,OF
623,OF
624,OF
624,OF
631,OF
632,OF
633,OF
633,OF
674,OF
674,OF
675,OF
675,OF
676,OF
676,OF
774,OF
775,OF
776,OF
909,OF
910,OF
911,OF
1278,OF
1283,OF
1284,OF
1306,OF
1307,OF
1361,OF
1369,OF
1394,OF
1550,OF
1551,OF
1552,OF
1553,OF
1554,OF
1555,OF
1556,OF
1557,OF
1558,OF
1559,OF
1560,OF
1561,OF
1599,OF
1600,OF
150159,OF
150159,OF
150162,OF
150162,OF
150166,OF
150166,OF
160514,OF
161506,OF
161626,OF
161627,OF
161824,OF
161827,OF
161828,OF
163007,OF
163825,OF
163826,OF
163909,OF
163910,OF
164302,OF
164303,OF
164509,OF
164510,OF
164703,OF
166021,OF
166022,OF
519055,OF
519057,OF
519058,OF
519058,OF
519059,OF
519749,OF
550015,OF
550016,OF
550016,OF
510060,ETF
510070,ETF
510090,ETF
510270,ETF
510280,ETF
510290,ETF
510300,ETF
510310,ETF
510330,ETF
510410,ETF
510420,ETF
510430,ETF
510440,ETF
510500,ETF
510030,ETF
510260,ETF
510220,ETF
510230,ETF
512680,ETF
159927,ETF
511010,ETF
510900,ETF
510650,ETF
510660,ETF
510880,ETF
511990,ETF
510210,ETF
510190,ETF
510170,ETF
510180,ETF
510160,ETF
510130,ETF
510150,ETF
510120,ETF
510110,ETF
510050,ETF
159901,ETF
159902,ETF
159903,ETF
159905,ETF
159906,ETF
159907,ETF
159908,ETF
159909,ETF
159910,ETF
159911,ETF
159912,ETF
159913,ETF
159915,ETF
159916,ETF
159918,ETF
159919,ETF
159920,ETF
159921,ETF
159922,ETF
159923,ETF
159925,ETF
510020,ETF
510010,ETF
510630,ETF
510510,ETF
511880,ETF
159924,ETF
513100,ETF
518800,ETF
159935,ETF
159002,ETF
159001,ETF
159926,ETF
159003,ETF
159004,ETF
511210,ETF
518880,ETF
159928,ETF
159929,ETF
159930,ETF
159931,ETF
159932,ETF
512010,ETF
159933,ETF
510680,ETF
159934,ETF
513500,ETF
512110,ETF
512120,ETF
510520,ETF
159936,ETF
512600,ETF
512610,ETF
512640,ETF
512070,ETF
512210,ETF
512220,ETF
512230,ETF
513030,ETF
159937,ETF
159944,ETF
512300,ETF
511220,ETF
159938,ETF
816,ETF
511810,ETF
511860,ETF
511800,ETF
513660,ETF
513600,ETF
159005,ETF
159006,ETF
159939,ETF
930,ETF
929,ETF
512990,ETF
159940,ETF
512310,ETF
512340,ETF
512500,ETF
159942,ETF
512510,ETF
510710,ETF
159943,ETF
510560,ETF
159941,ETF
512330,ETF
159945,ETF
159946,ETF
511830,ETF
511890,ETF
510360,ETF
510580,ETF
511980,ETF
1893,ETF
1981,ETF
1982,ETF
511900,ETF
511930,ETF
511960,ETF
2318,ETF
511820,ETF
2469,ETF
511920,ETF
159948,ETF
159949,ETF
2852,ETF
511850,ETF
511910,ETF
512660,ETF
512880,ETF
511970,ETF
510810,ETF
512810,ETF
512000,ETF
511600,ETF
3022,ETF
511660,ETF
512100,ETF
511680,ETF
3252,ETF
3253,ETF
511690,ETF
3034,ETF
511700,ETF
511950,ETF
161116,LOF
161216,LOF
161219,LOF
161823,LOF
166012,LOF
162215,LOF
162308,LOF
162712,LOF
160505,LOF
160512,LOF
160514,LOF
160611,LOF
160621,LOF
160719,LOF
160806,LOF
160807,LOF
160915,LOF
161017,LOF
161019,LOF
163819,LOF
164606,LOF
164702,LOF
164902,LOF
165311,LOF
165508,LOF
165509,LOF
165510,LOF
165512,LOF
165516,LOF
166006,LOF
166007,LOF
166401,LOF
166902,LOF
161217,LOF
161505,LOF
166105,LOF
161607,LOF
161610,LOF
161506,LOF
160810,LOF
160916,LOF
161015,LOF
160513,LOF
161822,LOF
161824,LOF
161821,LOF
161706,LOF
163907,LOF
164105,LOF
164206,LOF
165705,LOF
165806,LOF
160105,LOF
160106,LOF
160119,LOF
160125,LOF
160128,LOF
160211,LOF
160212,LOF
160215,LOF
160216,LOF
160311,LOF
160314,LOF
160415,LOF
160416,LOF
160607,LOF
160610,LOF
160613,LOF
160615,LOF
160616,LOF
160617,LOF
160910,LOF
161005,LOF
162511,LOF
163003,LOF
163005,LOF
165517,LOF
166001,LOF
166008,LOF
166009,LOF
162006,LOF
161907,LOF
161903,LOF
161820,LOF
164208,LOF
164808,LOF
164810,LOF
165309,LOF
165513,LOF
160618,LOF
160706,LOF
160716,LOF
160717,LOF
160720,LOF
160721,LOF
160805,LOF
162105,LOF
161010,LOF
161115,LOF
161117,LOF
161119,LOF
161120,LOF
161210,LOF
161213,LOF
161908,LOF
163110,LOF
163208,LOF
163407,LOF
161713,LOF
161714,LOF
161810,LOF
161813,LOF
161815,LOF
162207,LOF
163409,LOF
163412,LOF
163415,LOF
163821,LOF
162307,LOF
162411,LOF
162510,LOF
162605,LOF
162607,LOF
162703,LOF
162711,LOF
163001,LOF
163210,LOF
163302,LOF
163402,LOF
163503,LOF
163801,LOF
164701,LOF
161716,LOF
161614,LOF
164812,LOF
165525,LOF
165807,LOF
165313,LOF
160918,LOF
160130,LOF
160622,LOF
162108,LOF
161911,LOF
162716,LOF
162715,LOF
164815,LOF
167501,LOF
163824,LOF
166904,LOF
160515,LOF
164814,LOF
164210,LOF
164703,LOF
160131,LOF
160220,LOF
161831,LOF
161221,LOF
160812,LOF
160132,LOF
165314,LOF
160133,LOF
163827,LOF
160813,LOF
160134,LOF
160919,LOF
161222,LOF
161224,LOF
502000,LOF
502048,LOF
161722,LOF
164906,LOF
502013,LOF
502020,LOF
162414,LOF
502006,LOF
501000,LOF
502030,LOF
165526,LOF
502036,LOF
502003,LOF
502010,LOF
1481,LOF
502023,LOF
502026,LOF
502016,LOF
502040,LOF
502056,LOF
160635,LOF
164403,LOF
502053,LOF
161226,LOF
161227,LOF
160225,LOF
1881,LOF
1883,LOF
1884,LOF
1886,LOF
1888,LOF
1889,LOF
160226,LOF
161229,LOF
501002,LOF
165527,LOF
501005,LOF
501006,LOF
166011,LOF
161033,LOF
2423,LOF
162415,LOF
2591,LOF
2592,LOF
166016,LOF
501018,LOF
501021,LOF
2903,LOF
163007,LOF
160520,LOF
164908,LOF
161630,LOF
3144,LOF
162107,LOF
501023,LOF
163119,LOF
160523,LOF
501050,LOF
160223,LOF
161035,LOF
160322,LOF
161124,LOF
501025,LOF
501028,LOF
160922,MMF
